[
  {
    "name": "teckinesis (Symbol Layer)",
    "author": "Will Wolff-Myren",
    "switchMount": "cherry",
    "switchBrand": "gateron",
    "switchType": "KS-3-Tea"
  },
  [
    {
      "x": 3.5,
      "c": "#99de2a"
    },
    "F3",
    {
      "x": 10.5
    },
    "F8"
  ],
  [
    {
      "y": -0.875,
      "x": 2.5
    },
    "F2",
    {
      "x": 1
    },
    "F4",
    {
      "x": 8.5
    },
    "F7",
    {
      "x": 1
    },
    "F9"
  ],
  [
    {
      "y": -0.875,
      "x": 5.5
    },
    "F5",
    {
      "c": "#ff4444"
    },
    "Esc",
    {
      "x": 4.5,
      "c": "#bbddbb"
    },
    "_\n\n\n\n\n\n-",
    {
      "c": "#99de2a"
    },
    "F6"
  ],
  [
    {
      "y": -0.875,
      "c": "#2277ff",
      "w": 1.5
    },
    "Special\n\n\n\n\n\nShift",
    {
      "c": "#99de2a"
    },
    "F1",
    {
      "x": 14.5
    },
    "F10",
    {
      "c": "#2277ff",
      "w": 1.5
    },
    "\n\nSpecial\n\n\n\n\nShift"
  ],
  [
    {
      "y": -0.375,
      "x": 3.5,
      "c": "#bbddbb"
    },
    "{",
    {
      "x": 10.5,
      "c": "#89b087"
    },
    "8"
  ],
  [
    {
      "y": -0.875,
      "x": 2.5,
      "c": "#bbddbb"
    },
    "@",
    {
      "x": 1
    },
    "}",
    {
      "x": 8.5,
      "c": "#89b087"
    },
    "7",
    {
      "x": 1
    },
    "9"
  ],
  [
    {
      "y": -0.875,
      "x": 5.5,
      "c": "#bbddbb"
    },
    "&",
    {
      "h": 1.5
    },
    "<",
    {
      "x": 4.5,
      "h": 1.5
    },
    ">",
    "|"
  ],
  [
    {
      "y": -0.875,
      "c": "#2277ff",
      "w": 1.5
    },
    "Media\n\n\n\n\n\nShift",
    {
      "c": "#bbddbb"
    },
    "!",
    {
      "x": 14.5,
      "c": "#89b087"
    },
    "/",
    {
      "c": "#2277ff",
      "w": 1.5
    },
    "\n\nMedia\n\n\n\n\nShift"
  ],
  [
    {
      "y": -0.375,
      "x": 3.5,
      "c": "#bbddbb"
    },
    "(",
    {
      "x": 10.5,
      "c": "#89b087"
    },
    "5"
  ],
  [
    {
      "y": -0.875,
      "x": 2.5,
      "c": "#bbddbb"
    },
    "$",
    {
      "x": 1
    },
    ")",
    {
      "x": 8.5,
      "c": "#89b087"
    },
    "4",
    {
      "x": 1
    },
    "6"
  ],
  [
    {
      "y": -0.875,
      "x": 5.5,
      "c": "#bbddbb"
    },
    "`",
    {
      "x": 6.5
    },
    "/"
  ],
  [
    {
      "y": -0.875,
      "c": "#000000",
      "t": "#ff0000",
      "w": 1.5
    },
    "Symbols\n\n\n\n\n\nShift",
    {
      "c": "#bbddbb",
      "t": "#000000"
    },
    "#",
    {
      "x": 14.5,
      "c": "#89b087"
    },
    "*",
    {
      "c": "#000000",
      "t": "#ff0000",
      "w": 1.5
    },
    "\n\nSymbols\n\n\n\n\nShift"
  ],
  [
    {
      "y": -0.625,
      "x": 6.5,
      "c": "#54d6de",
      "t": "#000000",
      "fa": [
        0,
        0,
        0,
        1
      ],
      "h": 1.5
    },
    "Tab >\n\n\nTab",
    {
      "x": 4.5,
      "h": 1.5
    },
    "< Tab\n\n\nShift Tab"
  ],
  [
    {
      "y": -0.75,
      "x": 3.5,
      "c": "#bbddbb"
    },
    "[",
    {
      "x": 10.5,
      "c": "#89b087"
    },
    "2"
  ],
  [
    {
      "y": -0.875,
      "x": 2.5,
      "c": "#bbddbb"
    },
    "^",
    {
      "x": 1
    },
    "]",
    {
      "x": 8.5,
      "c": "#89b087"
    },
    "1",
    {
      "x": 1
    },
    "3"
  ],
  [
    {
      "y": -0.875,
      "x": 5.5,
      "c": "#bbddbb"
    },
    "~",
    {
      "x": 6.5
    },
    "\\"
  ],
  [
    {
      "y": -0.875,
      "c": "#2277ff",
      "w": 1.5
    },
    "Capitals\n\n\n\n\n\nShift",
    {
      "c": "#bbddbb"
    },
    "%",
    {
      "x": 14.5,
      "c": "#89b087"
    },
    "-",
    {
      "c": "#2277ff",
      "w": 1.5
    },
    "\n\nCapitals\n\n\n\n\nShift"
  ],
  [
    {
      "y": -0.375,
      "x": 3.5,
      "c": "#77aaff"
    },
    "<i class='mss mss-Unicode-Option-3'></i>\n\n\nLAlt",
    {
      "x": 10.5,
      "c": "#89b087"
    },
    ".\n\n\nOption"
  ],
  [
    {
      "y": -0.875,
      "x": 2.5,
      "c": "#77aaff"
    },
    "Hyper",
    {
      "x": 1
    },
    "<i class='mss mss-Unicode-Command-3'></i>\n\n\nSuper",
    {
      "x": 8.5,
      "c": "#89b087"
    },
    "0\n\n\nCmd",
    {
      "x": 1
    },
    "=\n\n\nHyper"
  ],
  [
    {
      "y": -0.75,
      "x": 0.5,
      "c": "#77aaff"
    },
    "Ctrl\n\n\nLCtrl",
    "Meh",
    {
      "x": 14.5,
      "c": "#89b087"
    },
    "+\n\n\nMeh",
    "Enter\n\n\nCtrl"
  ],
  [
    {
      "r": 30,
      "rx": 6.5,
      "ry": 4.25,
      "y": -1,
      "x": 1,
      "c": "#54d6de"
    },
    "Left",
    "Right"
  ],
  [
    {
      "h": 2
    },
    "Space",
    {
      "h": 2
    },
    "Enter",
    "Up"
  ],
  [
    {
      "x": 2
    },
    "Down"
  ],
  [
    {
      "r": -30,
      "rx": 13,
      "y": -1,
      "x": -3
    },
    "Home",
    "End"
  ],
  [
    {
      "x": -3
    },
    "Page\n\n\n\n\n\nUp",
    {
      "h": 2
    },
    "< Del\n\n\nBackspace",
    {
      "h": 2
    },
    "Del >\n\n\nDelete"
  ],
  [
    {
      "x": -3
    },
    "Page\n\n\n\n\n\nDown"
  ]
]